Job_Title,Company,Location,Salary,Posted Date
Senior Python Developer,"Payne, Roberts and Davis","Stewartbury, AA",5-9 LPA,07-01-2026
Energy engineer,Vasquez-Davidson,"Christopherville, AA",8-12 LPA,12-12-2025
Legal executive,"Jackson, Chambers and Levy","Port Ericaburgh, AA",4-6 LPA,31-12-2025
Fitness centre manager,Savage-Bradley,"East Seanview, AP",4-6 LPA,22-12-2025
Product manager,Ramirez Inc,"North Jamieview, AP",4-6 LPA,19-12-2025
Medical technical officer,Rogers-Yates,"Davidville, AP",4-6 LPA,18-12-2025
Physiological scientist,Kramer-Klein,"South Christopher, AE",4-6 LPA,24-12-2025
Textile designer,Meyers-Johnson,"Port Jonathan, AE",4-6 LPA,12-12-2025
Television floor manager,Hughes-Williams,"Osbornetown, AE",4-6 LPA,02-01-2026
Waste management officer,"Jones, Williams and Villa","Scotttown, AP",4-6 LPA,07-01-2026
Software Engineer (Python),Garcia PLC,"Ericberg, AE",8-12 LPA,04-01-2026
Interpreter,Gregory and Sons,"Ramireztown, AE",4-6 LPA,11-12-2025
Architect,"Clark, Garcia and Sosa","Figueroaview, AA",4-6 LPA,24-12-2025
Meteorologist,Bush PLC,"Kelseystad, AA",4-6 LPA,19-12-2025
Audiological scientist,Salazar-Meyers,"Williamsburgh, AE",4-6 LPA,20-12-2025
English as a second language teacher,"Parker, Murphy and Brooks","Mitchellburgh, AE",4-6 LPA,13-12-2025
Surgeon,Cruz-Brown,"West Jessicabury, AA",4-6 LPA,11-12-2025
Equities trader,Macdonald-Ferguson,"Maloneshire, AE",4-6 LPA,11-12-2025
Newspaper journalist,"Williams, Peterson and Rojas","Johnsonton, AA",4-6 LPA,27-12-2025
Materials engineer,Smith and Sons,"South Davidtown, AP",8-12 LPA,01-01-2026
Python Programmer (Entry-Level),"Moss, Duncan and Allen","Port Sara, AE",5-9 LPA,16-12-2025
Product/process development scientist,Gomez-Carroll,"Marktown, AA",4-6 LPA,29-12-2025
"Scientist, research (maths)","Manning, Welch and Herring","Laurenland, AE",4-6 LPA,27-12-2025
Ecologist,"Lee, Gutierrez and Brown","Lauraton, AP",4-6 LPA,13-12-2025
Materials engineer,"Davis, Serrano and Cook","South Tammyberg, AP",8-12 LPA,05-01-2026
Historic buildings inspector/conservation officer,Smith LLC,"North Brandonville, AP",4-6 LPA,26-12-2025
Data scientist,Thomas Group,"Port Robertfurt, AA",6-10 LPA,07-01-2026
Psychiatrist,Silva-King,"Burnettbury, AE",4-6 LPA,03-01-2026
Structural engineer,Pierce-Long,"Herbertside, AA",8-12 LPA,07-01-2026
Immigration officer,Walker-Simpson,"Christopherport, AP",4-6 LPA,06-01-2026
Python Programmer (Entry-Level),Cooper and Sons,"West Victor, AE",5-9 LPA,06-01-2026
Neurosurgeon,"Donovan, Gonzalez and Figueroa","Port Aaron, AP",4-6 LPA,14-12-2025
Broadcast engineer,"Morgan, Butler and Bennett","Loribury, AA",8-12 LPA,16-12-2025
Make,Snyder-Lee,"Angelastad, AP",4-6 LPA,05-01-2026
"Nurse, adult",Harris PLC,"Larrytown, AE",4-6 LPA,12-12-2025
Air broker,Washington PLC,"West Colin, AP",4-6 LPA,09-01-2026
"Editor, film/video","Brown, Price and Campbell","West Stephanie, AP",4-6 LPA,30-12-2025
"Production assistant, radio",Mcgee PLC,"Laurentown, AP",4-6 LPA,17-12-2025
"Engineer, communications",Dixon Inc,"Wrightberg, AP",8-12 LPA,24-12-2025
Sales executive,"Thompson, Sheppard and Ward","Alberttown, AE",4-6 LPA,09-01-2026
Software Developer (Python),Adams-Brewer,"Brockburgh, AE",5-9 LPA,15-12-2025
Futures trader,Schneider-Brady,"North Jason, AE",4-6 LPA,25-12-2025
Tour manager,Gonzales-Frank,"Arnoldhaven, AE",4-6 LPA,28-12-2025
Cytogeneticist,Smith-Wong,"Lake Destiny, AP",4-6 LPA,11-12-2025
"Designer, multimedia",Pierce-Herrera,"South Timothyburgh, AP",4-6 LPA,05-01-2026
Trade union research officer,"Aguilar, Rivera and Quinn","New Jimmyton, AE",4-6 LPA,14-12-2025
"Chemist, analytical","Lowe, Barnes and Thomas","New Lucasbury, AP",4-6 LPA,19-12-2025
"Programmer, multimedia","Lewis, Gonzalez and Vasquez","Port Cory, AE",4-6 LPA,15-12-2025
"Engineer, broadcasting (operations)",Taylor PLC,"Gileston, AA",8-12 LPA,24-12-2025
"Teacher, primary school","Oliver, Jones and Ramirez","Cindyshire, AA",4-6 LPA,16-12-2025
Python Developer,Rivera and Sons,"East Michaelfort, AA",5-9 LPA,25-12-2025
Manufacturing systems engineer,Garcia PLC,"Joybury, AE",8-12 LPA,28-12-2025
"Producer, television/film/video","Johnson, Wells and Kramer","Emmatown, AE",4-6 LPA,14-12-2025
"Scientist, forensic",Gonzalez LLC,"Colehaven, AP",4-6 LPA,07-01-2026
Bonds trader,"Morgan, White and Macdonald","Port Coryton, AE",4-6 LPA,06-01-2026
Editorial assistant,Robinson-Fitzpatrick,"Amyborough, AA",4-6 LPA,18-12-2025
Photographer,"Waters, Wilson and Hoover","Reynoldsville, AA",4-6 LPA,25-12-2025
Retail banker,Hill LLC,"Port Billy, AP",4-6 LPA,20-12-2025
Jewellery designer,Li-Gregory,"Adamburgh, AA",4-6 LPA,18-12-2025
Ophthalmologist,"Fisher, Ryan and Coleman","Wilsonmouth, AA",4-6 LPA,21-12-2025
"Back-End Web Developer (Python, Django)",Stewart-Alexander,"South Kimberly, AA",5-9 LPA,21-12-2025
Licensed conveyancer,Abbott and Sons,"Benjaminland, AP",4-6 LPA,04-01-2026
Futures trader,"Bryant, Santana and Davenport","Zacharyport, AA",4-6 LPA,29-12-2025
Counselling psychologist,Smith PLC,"Port Devonville, AE",4-6 LPA,02-01-2026
Insurance underwriter,Patterson-Singh,"East Thomas, AE",4-6 LPA,15-12-2025
"Engineer, automotive",Martinez-Berry,"New Jeffrey, AP",8-12 LPA,30-12-2025
"Producer, radio","May, Taylor and Fisher","Davidside, AA",4-6 LPA,18-12-2025
Dispensing optician,"Bailey, Owen and Thompson","Jamesville, AA",4-6 LPA,19-12-2025
"Designer, fashion/clothing",Vasquez Ltd,"New Kelly, AP",4-6 LPA,26-12-2025
Chartered loss adjuster,Leblanc LLC,"Lake Antonio, AA",4-6 LPA,13-12-2025
"Back-End Web Developer (Python, Django)","Jackson, Ali and Mckee","New Elizabethside, AA",5-9 LPA,16-12-2025
Forest/woodland manager,"Blankenship, Knight and Powell","Millsbury, AE",4-6 LPA,12-12-2025
Clinical cytogeneticist,"Patton, Haynes and Jones","Lloydton, AP",4-6 LPA,01-01-2026
Print production planner,Wood Inc,"Port Jeremy, AA",4-6 LPA,18-12-2025
Systems developer,Collins Group,"New Elizabethtown, AA",5-9 LPA,31-12-2025
Graphic designer,Flores-Nelson,"Charlesstad, AE",4-6 LPA,28-12-2025
Writer,"Mitchell, Jones and Olson","Josephbury, AE",4-6 LPA,02-01-2026
Field seismologist,Howard Group,"Seanfurt, AA",4-6 LPA,30-12-2025
Chief Strategy Officer,Kramer-Edwards,"Williambury, AA",4-6 LPA,03-01-2026
Air cabin crew,Berry-Houston,"South Jorgeside, AP",4-6 LPA,05-01-2026
Python Programmer (Entry-Level),Mathews Inc,"Robertborough, AP",5-9 LPA,21-12-2025
Warden/ranger,Riley-Johnson,"South Saratown, AP",4-6 LPA,07-01-2026
Sports therapist,Spencer and Sons,"Hullview, AA",4-6 LPA,29-12-2025
Arts development officer,Camacho-Sanchez,"Philipland, AP",4-6 LPA,22-12-2025
Printmaker,Oliver and Sons,"North Patty, AE",4-6 LPA,19-12-2025
Health and safety adviser,Eaton PLC,"North Stephen, AE",4-6 LPA,25-12-2025
Manufacturing systems engineer,Stanley-Frederick,"Stevensland, AP",8-12 LPA,22-12-2025
"Programmer, applications",Bradley LLC,"Reyesstad, AE",4-6 LPA,25-12-2025
Medical physicist,"Parker, Goodwin and Zavala","Bellberg, AP",4-6 LPA,27-12-2025
Media planner,Kim-Miles,"North Johnland, AE",4-6 LPA,19-12-2025
Software Developer (Python),Moreno-Rodriguez,"Martinezburgh, AE",5-9 LPA,15-12-2025
"Surveyor, land/geomatics",Brown-Ortiz,"Joshuatown, AE",4-6 LPA,12-12-2025
Legal executive,Hartman PLC,"West Ericstad, AA",4-6 LPA,08-01-2026
"Librarian, academic",Brooks Inc,"Tuckertown, AE",4-6 LPA,23-12-2025
Barrister,Washington-Castillo,"Perezton, AE",4-6 LPA,29-12-2025
Museum/gallery exhibitions officer,"Nguyen, Yoder and Petty","Lake Abigail, AE",4-6 LPA,02-01-2026
"Radiographer, diagnostic",Holder LLC,"Jacobshire, AP",4-6 LPA,15-12-2025
Database administrator,Yates-Ferguson,"Port Susan, AE",6-10 LPA,25-12-2025
Furniture designer,Ortega-Lawrence,"North Tiffany, AA",4-6 LPA,31-12-2025
Ship broker,"Fuentes, Walls and Castro","Michelleville, AP",4-6 LPA,28-12-2025
